month,sales_lines,orders,revenue,cost,profit
2024-01,3430,1183,115635173.05,78594458.42999999,37040714.62
2024-02,3187,1135,106770527.71,72206659.82,34563867.88
2024-03,3883,1360,128741385.93,87587850.64,41153535.29
2024-04,3826,1347,122441910.45,83447037.24,38994873.21
2024-05,4384,1553,142480150.29,97000901.69,45479248.6
2024-06,3879,1366,128418652.28,87423421.3,40995230.98
2024-07,4357,1531,143095981.28,96977971.62,46118009.66
2024-08,4673,1598,153297990.68,104265712.29,49032278.4
2024-09,4383,1532,143183066.92,96851071.91,46331995.02
2024-10,4882,1728,161827904.72,109904099.88,51923804.84
2024-11,5976,2123,193350071.92,133222799.51,60127272.41
2024-12,5691,2011,186252416.04,128411084.63,57841331.41
2025-01,4624,1645,151702438.59,102973101.25,48729337.34
2025-02,4579,1639,150552941.61,102630557.9,47922383.72
2025-03,5034,1757,166491665.72,113525435.39,52966230.33
2025-04,5116,1817,168512374.47,114648113.04,53864261.44
2025-05,5427,1910,179324647.59,121774542.66,57550104.94
2025-06,5175,1803,167205085.67,114113223.71,53091861.97
2025-07,5692,1996,188049760.27,127402990.33,60646769.96
2025-08,6069,2108,199522566.93,135895075.28,63627491.64
2025-09,5477,1915,180712075.8,122782125.95,57929949.87
2025-10,6163,2176,205945883.28,140295437.53,65650445.75
2025-11,7057,2495,229903682.12,158436695.38,71466986.74
2025-12,7036,2421,228043415.95,156724918.52,71318497.43
